Position,RSRS,HV1-2-6,HV2-2-6
146,C,-,T
152,C,-,T
195,C,-,T
247,A,-,G
310,T,-,C
311,C,-,T
316,G,-,C
318,T,-,G
319,T,-,C
320,C,-,T
322,G,-,C
323,G,-,T
324,C,-,G
325,C,-,G
326,A,-,C
329,G,-,C
330,C,-,A
331,A,-,G
333,T,-,A
334,T,-,C
335,A,-,T
336,A,-,T
338,C,-,A
342,T,-,C
343,C,-,A
347,G,-,C
348,C,-,T
349,C,-,G
350,A,-,C
351,A,-,C
353,C,-,A
354,C,-,A
357,A,-,C
358,A,-,C
362,C,-,A
364,A,-,C
366,G,-,A
368,A,-,G
369,C,-,A
370,C,-,A
372,T,-,C
373,A,-,C
374,A,-,T
375,C,-,A
378,C,-,A
379,A,-,C
380,G,-,C
381,C,-,A
382,C,-,G
383,T,-,C
384,A,-,C
385,A,-,T
386,C,-,A
387,C,-,A
388,A,-,C
389,G,-,C
391,T,-,G
392,T,-,A
394,C,-,T
395,A,-,T
396,A,-,C
398,T,-,A
399,T,-,A
402,A,-,T
404,C,-,A
406,T,-,C
409,G,-,T
410,G,-,T
411,C,-,G
413,G,-,C
414,T,-,G
415,A,-,G
417,G,-,A
418,C,-,T
419,A,-,G
421,T,-,C
425,A,-,T
426,A,-,T
427,C,-,G
429,G,-,A
430,T,-,C
431,C,-,A
432,A,-,G
433,C,-,A
16066,A,G,-
16162,A,G,-
16172,T,C,-
16187,T,C,-
16189,C,T,-
16223,T,C,-
16230,G,A,-
16278,T,C,-
16304,T,C,-
16311,C,T,-
16400,C,A,-
16402,A,C,-
