Position,HV1-1-4,HV1-1-5,HV1-2-1,HV1-2-5,HV1-2-6,HV1-2-7,HV1-3-1,HV1-3-3,HV1-3-4,HV1-3-5,HV1-3-6,HV1-3-8,HV1-4-1,HV1-4-3,HV1-4-4,HV1-4-6,HV1-4-7,HV1-4-8
50,A,A,A,A,G,A,A,A,A,A,A,A,A,A,A,A,A,A
77,T,T,T,T,T,T,T,T,T,T,T,T,T,T,T,C,T,T
95,C,C,C,T,C,C,C,C,C,C,C,C,C,C,C,C,C,C
108,T,C,T,T,T,T,T,T,T,T,T,T,T,T,T,T,T,T
110,T,T,T,T,T,C,T,T,T,T,T,T,T,T,T,T,T,T
113,G,G,G,A,A,G,A,G,G,G,G,G,G,G,G,G,G,G
129,G,G,G,G,G,G,G,G,G,G,A,G,G,G,G,G,G,G
142,A,A,A,A,A,A,A,A,A,A,A,G,A,A,A,A,A,A
146,A,A,A,A,G,A,A,A,A,A,A,A,A,A,A,A,A,A
152,C,C,C,C,C,C,C,C,C,C,T,C,C,C,C,C,C,C
156,T,T,T,T,C,T,T,T,T,T,T,T,C,T,T,T,T,T
163,C,C,C,C,C,C,C,C,T,C,C,C,C,C,C,C,C,C
172,C,C,C,C,C,C,C,C,C,C,T,C,C,C,C,C,C,C
176,C,C,C,C,C,C,C,C,T,C,C,C,C,C,C,C,C,C
207,T,T,T,T,C,T,T,T,T,T,T,T,T,T,T,T,T,T
218,C,C,C,C,C,C,C,T,C,C,C,C,C,C,C,C,C,C
240,C,T,C,C,C,C,C,C,C,C,C,C,C,C,C,C,C,C
241,C,C,C,A,C,C,C,C,C,C,T,C,C,C,C,C,A,A
245,C,C,C,T,C,C,C,C,C,C,C,C,C,C,C,C,T,T
274,T,T,C,C,C,T,C,C,T,C,C,C,C,C,C,C,C,C
288,T,T,T,T,C,T,T,T,T,T,T,T,T,T,T,T,T,T
295,T,T,T,T,T,T,T,T,T,T,C,T,T,T,T,T,T,T
300,A,A,A,A,A,A,A,G,A,A,A,A,A,A,A,A,A,A
303,A,A,G,G,G,A,G,G,A,G,G,G,G,G,G,G,G,G
309,T,T,T,T,T,T,T,T,T,T,T,T,T,C,T,C,T,T
346,C,C,C,T,T,C,C,C,C,C,T,C,C,C,C,C,T,T
